level1_name,level1_pcode,level3_name,level3_pcode,level2_name,level2_pcode,year,week,rg_case,rg_attack,rg_death
,,Cs Urbain,cod026,Businga,cod200299,2020,1,1,0,0
,,Cs Cite 1,cod027,Businga,cod200299,2020,1,0,0,0
,,Cs Cite 2,cod028,Businga,cod200299,2020,1,0,0,0
,,Movangusa,cod048,Businga,cod200299,2020,1,0,0,0
,,Monveda,cod045,Businga,cod200299,2020,1,0,0,0
,,Kondo,cod036,Businga,cod200299,2020,1,0,0,0
,,Edungu,cod032,Businga,cod200299,2020,1,0,0,0
,,Bopili,cod019,Businga,cod200299,2020,1,0,0,0
,,Songbolo,cod050,Businga,cod200299,2020,1,0,0,0
,,Bogboan,cod007,Businga,cod200299,2020,1,0,0,0
,,Bombwa,cod011,Businga,cod200299,2020,1,0,0,0
,,Nbakpo,cod049,Businga,cod200299,2020,1,0,0,0
,,Bobiti,cod006,Businga,cod200299,2020,1,0,0,0
,,Cs Urbain,cod026,Businga,cod200299,2020,2,2,0.01,0
,,Cs Cite 1,cod027,Businga,cod200299,2020,2,0,0,0
,,Cs Cite 2,cod028,Businga,cod200299,2020,2,4,0.03,0
,,Movangusa,cod048,Businga,cod200299,2020,2,0,0,0
,,Monveda,cod045,Businga,cod200299,2020,2,0,0,0
,,Kondo,cod036,Businga,cod200299,2020,2,1,0.01,0
,,Edungu,cod032,Businga,cod200299,2020,2,0,0,0
,,Bopili,cod019,Businga,cod200299,2020,2,0,0,0
,,Songbolo,cod050,Businga,cod200299,2020,2,0,0,0
,,Bogboan,cod007,Businga,cod200299,2020,2,0,0,0
,,Bombwa,cod011,Businga,cod200299,2020,2,0,0,0
,,Nbakpo,cod049,Businga,cod200299,2020,2,0,0,0
,,Bobiti,cod006,Businga,cod200299,2020,2,0,0,0
,,Cs Urbain,cod026,Businga,cod200299,2020,3,1,0,0
,,Cs Cite 1,cod027,Businga,cod200299,2020,3,0,0,0
,,Cs Cite 2,cod028,Businga,cod200299,2020,3,0,0,0
,,Movangusa,cod048,Businga,cod200299,2020,3,0,0,0
,,Monveda,cod045,Businga,cod200299,2020,3,0,0,0
,,Kondo,cod036,Businga,cod200299,2020,3,0,0,0
,,Edungu,cod032,Businga,cod200299,2020,3,0,0,0
,,Bopili,cod019,Businga,cod200299,2020,3,0,0,0
,,Songbolo,cod050,Businga,cod200299,2020,3,0,0,0
,,Bogboan,cod007,Businga,cod200299,2020,3,0,0,0
,,Bombwa,cod011,Businga,cod200299,2020,3,0,0,0
,,Nbakpo,cod049,Businga,cod200299,2020,3,0,0,0
,,Bobiti,cod006,Businga,cod200299,2020,3,0,0,0
,,Cs Urbain,cod026,Businga,cod200299,2020,4,3,0.01,0
,,Cs Cite 1,cod027,Businga,cod200299,2020,4,1,0.01,0
,,Cs Cite 2,cod028,Businga,cod200299,2020,4,11,0.1,0
,,Movangusa,cod048,Businga,cod200299,2020,4,1,0.01,0
,,Monveda,cod045,Businga,cod200299,2020,4,0,0,0
,,Kondo,cod036,Businga,cod200299,2020,4,1,0.01,0
,,Edungu,cod032,Businga,cod200299,2020,4,0,0,0
,,Bopili,cod019,Businga,cod200299,2020,4,0,0,0
,,Songbolo,cod050,Businga,cod200299,2020,4,0,0,0
,,Bogboan,cod007,Businga,cod200299,2020,4,0,0,0
,,Bombwa,cod011,Businga,cod200299,2020,4,0,0,0
,,Nbakpo,cod049,Businga,cod200299,2020,4,0,0,0
,,Bobiti,cod006,Businga,cod200299,2020,4,0,0,0
,,Cs Urbain,cod026,Businga,cod200299,2020,5,9,0.04,0
,,Cs Cite 1,cod027,Businga,cod200299,2020,5,0,0,0
,,Cs Cite 2,cod028,Businga,cod200299,2020,5,4,0.03,0
,,Movangusa,cod048,Businga,cod200299,2020,5,9,0.08,0
,,Monveda,cod045,Businga,cod200299,2020,5,0,0,0
,,Kondo,cod036,Businga,cod200299,2020,5,0,0,0
,,Edungu,cod032,Businga,cod200299,2020,5,0,0,0
,,Bopili,cod019,Businga,cod200299,2020,5,0,0,0
,,Songbolo,cod050,Businga,cod200299,2020,5,0,0,0
,,Bogboan,cod007,Businga,cod200299,2020,5,0,0,0
,,Bombwa,cod011,Businga,cod200299,2020,5,0,0,0
,,Nbakpo,cod049,Businga,cod200299,2020,5,0,0,0
,,Bobiti,cod006,Businga,cod200299,2020,5,0,0,0
,,Cs Urbain,cod026,Businga,cod200299,2020,6,14,0.06,0
,,Cs Cite 1,cod027,Businga,cod200299,2020,6,11,0.06,0
,,Cs Cite 2,cod028,Businga,cod200299,2020,6,7,0.06,0
,,Movangusa,cod048,Businga,cod200299,2020,6,0,0,0
,,Monveda,cod045,Businga,cod200299,2020,6,6,0.08,0
,,Kondo,cod036,Businga,cod200299,2020,6,1,0.01,0
,,Edungu,cod032,Businga,cod200299,2020,6,0,0,0
,,Bopili,cod019,Businga,cod200299,2020,6,0,0,0
,,Songbolo,cod050,Businga,cod200299,2020,6,0,0,0
,,Bogboan,cod007,Businga,cod200299,2020,6,0,0,0
,,Bombwa,cod011,Businga,cod200299,2020,6,0,0,0
,,Nbakpo,cod049,Businga,cod200299,2020,6,0,0,0
,,Bobiti,cod006,Businga,cod200299,2020,6,0,0,0
,,Cs Urbain,cod026,Businga,cod200299,2020,7,16,0.07,1
,,Cs Cite 1,cod027,Businga,cod200299,2020,7,9,0.05,3
,,Cs Cite 2,cod028,Businga,cod200299,2020,7,10,0.09,0
,,Movangusa,cod048,Businga,cod200299,2020,7,2,0.02,0
,,Monveda,cod045,Businga,cod200299,2020,7,7,0.1,0
,,Kondo,cod036,Businga,cod200299,2020,7,5,0.04,0
,,Edungu,cod032,Businga,cod200299,2020,7,0,0,0
,,Bopili,cod019,Businga,cod200299,2020,7,0,0,0
,,Songbolo,cod050,Businga,cod200299,2020,7,0,0,0
,,Bogboan,cod007,Businga,cod200299,2020,7,0,0,0
,,Bombwa,cod011,Businga,cod200299,2020,7,0,0,0
,,Nbakpo,cod049,Businga,cod200299,2020,7,0,0,0
,,Bobiti,cod006,Businga,cod200299,2020,7,0,0,0
,,Cs Urbain,cod026,Businga,cod200299,2020,8,21,0.09,0
,,Cs Cite 1,cod027,Businga,cod200299,2020,8,21,0.12,0
,,Cs Cite 2,cod028,Businga,cod200299,2020,8,17,0.15,1
,,Movangusa,cod048,Businga,cod200299,2020,8,1,0.01,0
,,Monveda,cod045,Businga,cod200299,2020,8,2,0.03,0
,,Kondo,cod036,Businga,cod200299,2020,8,1,0.01,0
,,Edungu,cod032,Businga,cod200299,2020,8,0,0,0
,,Bopili,cod019,Businga,cod200299,2020,8,0,0,0
,,Songbolo,cod050,Businga,cod200299,2020,8,0,0,0
,,Bogboan,cod007,Businga,cod200299,2020,8,0,0,0
,,Bombwa,cod011,Businga,cod200299,2020,8,0,0,0
,,Nbakpo,cod049,Businga,cod200299,2020,8,1,0.01,0
,,Bobiti,cod006,Businga,cod200299,2020,8,2,0.03,0
,,Cs Urbain,cod026,Businga,cod200299,2020,9,85,0.35,1
,,Cs Cite 1,cod027,Businga,cod200299,2020,9,44,0.25,0
,,Cs Cite 2,cod028,Businga,cod200299,2020,9,73,0.64,1
,,Movangusa,cod048,Businga,cod200299,2020,9,25,0.22,0
,,Monveda,cod045,Businga,cod200299,2020,9,66,0.9,1
,,Kondo,cod036,Businga,cod200299,2020,9,1,0.01,0
,,Edungu,cod032,Businga,cod200299,2020,9,4,0.05,0
,,Bopili,cod019,Businga,cod200299,2020,9,34,0.68,0
,,Songbolo,cod050,Businga,cod200299,2020,9,12,0.18,0
,,Bogboan,cod007,Businga,cod200299,2020,9,3,0.03,0
,,Bombwa,cod011,Businga,cod200299,2020,9,6,0.06,0
,,Nbakpo,cod049,Businga,cod200299,2020,9,5,0.04,0
,,Bobiti,cod006,Businga,cod200299,2020,9,5,0.07,0
,,Cs Urbain,cod026,Businga,cod200299,2020,10,63,0.26,5
,,Cs Cite 1,cod027,Businga,cod200299,2020,10,24,0.14,1
,,Cs Cite 2,cod028,Businga,cod200299,2020,10,29,0.25,0
,,Movangusa,cod048,Businga,cod200299,2020,10,13,0.11,0
,,Monveda,cod045,Businga,cod200299,2020,10,15,0.2,0
,,Kondo,cod036,Businga,cod200299,2020,10,1,0.01,0
,,Edungu,cod032,Businga,cod200299,2020,10,7,0.09,0
,,Bopili,cod019,Businga,cod200299,2020,10,54,1.09,0
,,Songbolo,cod050,Businga,cod200299,2020,10,20,0.31,0
,,Bogboan,cod007,Businga,cod200299,2020,10,6,0.06,0
,,Bombwa,cod011,Businga,cod200299,2020,10,3,0.03,0
,,Nbakpo,cod049,Businga,cod200299,2020,10,7,0.06,0
,,Bobiti,cod006,Businga,cod200299,2020,10,6,0.08,0
,,Cs Urbain,cod026,Businga,cod200299,2020,11,40,0.16,1
,,Cs Cite 1,cod027,Businga,cod200299,2020,11,11,0.06,0
,,Cs Cite 2,cod028,Businga,cod200299,2020,11,28,0.24,0
,,Movangusa,cod048,Businga,cod200299,2020,11,23,0.20,0
,,Monveda,cod045,Businga,cod200299,2020,11,21,0.29,0
,,Kondo,cod036,Businga,cod200299,2020,11,14,0.11,0
,,Edungu,cod032,Businga,cod200299,2020,11,10,0.13,0
,,Bopili,cod019,Businga,cod200299,2020,11,46,0.92,0
,,Songbolo,cod050,Businga,cod200299,2020,11,64,0.98,0
,,Bogboan,cod007,Businga,cod200299,2020,11,16,0.17,0
,,Bombwa,cod011,Businga,cod200299,2020,11,7,0.07,0
,,Nbakpo,cod049,Businga,cod200299,2020,11,6,0.05,0
,,Bobiti,cod006,Businga,cod200299,2020,11,14,0.19,0
,,Cs Urbain,cod026,Businga,cod200299,2020,12,76,0.31,1
,,Cs Cite 1,cod027,Businga,cod200299,2020,12,57,0.32,0
,,Cs Cite 2,cod028,Businga,cod200299,2020,12,88,0.77,0
,,Movangusa,cod048,Businga,cod200299,2020,12,57,0.50,0
,,Monveda,cod045,Businga,cod200299,2020,12,33,0.45,0
,,Kondo,cod036,Businga,cod200299,2020,12,11,0.09,0
,,Edungu,cod032,Businga,cod200299,2020,12,3,0.04,0
,,Bopili,cod019,Businga,cod200299,2020,12,68,1.37,0
,,Songbolo,cod050,Businga,cod200299,2020,12,7,0.11,0
,,Bogboan,cod007,Businga,cod200299,2020,12,28,0.29,0
,,Bombwa,cod011,Businga,cod200299,2020,12,24,0.25,0
,,Nbakpo,cod049,Businga,cod200299,2020,12,33,0.28,0
,,Bobiti,cod006,Businga,cod200299,2020,12,25,0.34,0
,,Cs Urbain,cod026,Businga,cod200299,2020,13,45,0.18,1
,,Cs Cite 1,cod027,Businga,cod200299,2020,13,31,0.17,0
,,Cs Cite 2,cod028,Businga,cod200299,2020,13,27,0.24,0
,,Movangusa,cod048,Businga,cod200299,2020,13,95,0.83,0
,,Monveda,cod045,Businga,cod200299,2020,13,35,0.48,0
,,Kondo,cod036,Businga,cod200299,2020,13,16,0.13,0
,,Edungu,cod032,Businga,cod200299,2020,13,10,0.13,0
,,Bopili,cod019,Businga,cod200299,2020,13,34,0.68,0
,,Songbolo,cod050,Businga,cod200299,2020,13,37,0.57,0
,,Bogboan,cod007,Businga,cod200299,2020,13,48,0.50,0
,,Bombwa,cod011,Businga,cod200299,2020,13,35,0.36,0
,,Nbakpo,cod049,Businga,cod200299,2020,13,16,0.14,0
,,Bobiti,cod006,Businga,cod200299,2020,13,12,0.16,0
,,Bokapo,cod008,Boso Manzi,cod200185,2019,26,0,0,0
,,Bolombo,cod010,Boso Manzi,cod200185,2019,26,0,0,0
,,Bomoye,cod012,Boso Manzi,cod200185,2019,26,0,0,0
,,Bongonza,cod016,Boso Manzi,cod200185,2019,26,0,0,0
,,Boso dua,cod020,Boso Manzi,cod200185,2019,26,0,0,0
,,Boso libondo,cod021,Boso Manzi,cod200185,2019,26,1,0.01,0
,,Boso manzi,cod022,Boso Manzi,cod200185,2019,26,0,0,0
,,Boso modjebo,cod023,Boso Manzi,cod200185,2019,26,0,0,0
,,Boyange Motima,cod024,Boso Manzi,cod200185,2019,26,0,0,0
,,Ebambe,cod030,Boso Manzi,cod200185,2019,26,0,0,0
,,Gumba,cod035,Boso Manzi,cod200185,2019,26,0,0,0
,,Liboko,cod037,Boso Manzi,cod200185,2019,26,0,0,0
,,Makao,cod040,Boso Manzi,cod200185,2019,26,0,0,0
,,Masanga,cod041,Boso Manzi,cod200185,2019,26,0,0,0
,,Mbangu,cod042,Boso Manzi,cod200185,2019,26,0,0,0
,,Mongili,cod044,Boso Manzi,cod200185,2019,26,0,0,0
,,Monzelenge,cod047,Boso Manzi,cod200185,2019,26,0,0,0
,,Bokapo,cod008,Boso Manzi,cod200185,2019,27,0,0,0
,,Bolombo,cod010,Boso Manzi,cod200185,2019,27,0,0,0
,,Bomoye,cod012,Boso Manzi,cod200185,2019,27,0,0,0
,,Bongonza,cod016,Boso Manzi,cod200185,2019,27,0,0,0
,,Boso dua,cod020,Boso Manzi,cod200185,2019,27,0,0,0
,,Boso libondo,cod021,Boso Manzi,cod200185,2019,27,0,0,0
,,Boso manzi,cod022,Boso Manzi,cod200185,2019,27,0,0,0
,,Boso modjebo,cod023,Boso Manzi,cod200185,2019,27,0,0,0
,,Boyange Motima,cod024,Boso Manzi,cod200185,2019,27,0,0,0
,,Ebambe,cod030,Boso Manzi,cod200185,2019,27,0,0,0
,,Gumba,cod035,Boso Manzi,cod200185,2019,27,0,0,0
,,Liboko,cod037,Boso Manzi,cod200185,2019,27,0,0,0
,,Makao,cod040,Boso Manzi,cod200185,2019,27,0,0,0
,,Masanga,cod041,Boso Manzi,cod200185,2019,27,0,0,0
,,Mbangu,cod042,Boso Manzi,cod200185,2019,27,0,0,0
,,Mongili,cod044,Boso Manzi,cod200185,2019,27,0,0,0
,,Monzelenge,cod047,Boso Manzi,cod200185,2019,27,0,0,0
,,Bokapo,cod008,Boso Manzi,cod200185,2019,28,0,0,0
,,Bolombo,cod010,Boso Manzi,cod200185,2019,28,0,0,0
,,Bomoye,cod012,Boso Manzi,cod200185,2019,28,0,0,0
,,Bongonza,cod016,Boso Manzi,cod200185,2019,28,0,0,0
,,Boso dua,cod020,Boso Manzi,cod200185,2019,28,0,0,0
,,Boso libondo,cod021,Boso Manzi,cod200185,2019,28,0,0,0
,,Boso manzi,cod022,Boso Manzi,cod200185,2019,28,0,0,0
,,Boso modjebo,cod023,Boso Manzi,cod200185,2019,28,0,0,0
,,Boyange Motima,cod024,Boso Manzi,cod200185,2019,28,0,0,0
,,Ebambe,cod030,Boso Manzi,cod200185,2019,28,0,0,0
,,Gumba,cod035,Boso Manzi,cod200185,2019,28,0,0,0
,,Liboko,cod037,Boso Manzi,cod200185,2019,28,0,0,0
,,Makao,cod040,Boso Manzi,cod200185,2019,28,0,0,0
,,Masanga,cod041,Boso Manzi,cod200185,2019,28,0,0,0
,,Mbangu,cod042,Boso Manzi,cod200185,2019,28,0,0,0
,,Mongili,cod044,Boso Manzi,cod200185,2019,28,0,0,0
,,Monzelenge,cod047,Boso Manzi,cod200185,2019,28,0,0,0
,,Bokapo,cod008,Boso Manzi,cod200185,2019,29,0,0,0
,,Bolombo,cod010,Boso Manzi,cod200185,2019,29,0,0,0
,,Bomoye,cod012,Boso Manzi,cod200185,2019,29,0,0,0
,,Bongonza,cod016,Boso Manzi,cod200185,2019,29,0,0,0
,,Boso dua,cod020,Boso Manzi,cod200185,2019,29,1,0.01,0
,,Boso libondo,cod021,Boso Manzi,cod200185,2019,29,0,0,0
,,Boso manzi,cod022,Boso Manzi,cod200185,2019,29,0,0,0
,,Boso modjebo,cod023,Boso Manzi,cod200185,2019,29,0,0,0
,,Boyange Motima,cod024,Boso Manzi,cod200185,2019,29,0,0,0
,,Ebambe,cod030,Boso Manzi,cod200185,2019,29,0,0,0
,,Gumba,cod035,Boso Manzi,cod200185,2019,29,0,0,0
,,Liboko,cod037,Boso Manzi,cod200185,2019,29,0,0,0
,,Makao,cod040,Boso Manzi,cod200185,2019,29,0,0,0
,,Masanga,cod041,Boso Manzi,cod200185,2019,29,0,0,0
,,Mbangu,cod042,Boso Manzi,cod200185,2019,29,0,0,0
,,Mongili,cod044,Boso Manzi,cod200185,2019,29,0,0,0
,,Monzelenge,cod047,Boso Manzi,cod200185,2019,29,0,0,0
,,Bokapo,cod008,Boso Manzi,cod200185,2019,30,0,0,0
,,Bolombo,cod010,Boso Manzi,cod200185,2019,30,0,0,0
,,Bomoye,cod012,Boso Manzi,cod200185,2019,30,0,0,0
,,Bongonza,cod016,Boso Manzi,cod200185,2019,30,0,0,0
,,Boso dua,cod020,Boso Manzi,cod200185,2019,30,3,0.02,0
,,Boso libondo,cod021,Boso Manzi,cod200185,2019,30,0,0,0
,,Boso manzi,cod022,Boso Manzi,cod200185,2019,30,0,0,0
,,Boso modjebo,cod023,Boso Manzi,cod200185,2019,30,0,0,0
,,Boyange Motima,cod024,Boso Manzi,cod200185,2019,30,0,0,0
,,Ebambe,cod030,Boso Manzi,cod200185,2019,30,0,0,0
,,Gumba,cod035,Boso Manzi,cod200185,2019,30,0,0,0
,,Liboko,cod037,Boso Manzi,cod200185,2019,30,0,0,0
,,Makao,cod040,Boso Manzi,cod200185,2019,30,0,0,0
,,Masanga,cod041,Boso Manzi,cod200185,2019,30,0,0,0
,,Mbangu,cod042,Boso Manzi,cod200185,2019,30,0,0,0
,,Mongili,cod044,Boso Manzi,cod200185,2019,30,0,0,0
,,Monzelenge,cod047,Boso Manzi,cod200185,2019,30,0,0,0
,,Bokapo,cod008,Boso Manzi,cod200185,2019,31,0,0,0
,,Bolombo,cod010,Boso Manzi,cod200185,2019,31,0,0,0
,,Bomoye,cod012,Boso Manzi,cod200185,2019,31,0,0,0
,,Bongonza,cod016,Boso Manzi,cod200185,2019,31,0,0,0
,,Boso dua,cod020,Boso Manzi,cod200185,2019,31,2,0.01,0
,,Boso libondo,cod021,Boso Manzi,cod200185,2019,31,0,0,0
,,Boso manzi,cod022,Boso Manzi,cod200185,2019,31,0,0,0
,,Boso modjebo,cod023,Boso Manzi,cod200185,2019,31,0,0,0
,,Boyange Motima,cod024,Boso Manzi,cod200185,2019,31,0,0,0
,,Ebambe,cod030,Boso Manzi,cod200185,2019,31,0,0,0
,,Gumba,cod035,Boso Manzi,cod200185,2019,31,0,0,0
,,Liboko,cod037,Boso Manzi,cod200185,2019,31,9,0.1,0
,,Makao,cod040,Boso Manzi,cod200185,2019,31,0,0,0
,,Masanga,cod041,Boso Manzi,cod200185,2019,31,0,0,0
,,Mbangu,cod042,Boso Manzi,cod200185,2019,31,0,0,0
,,Mongili,cod044,Boso Manzi,cod200185,2019,31,0,0,0
,,Monzelenge,cod047,Boso Manzi,cod200185,2019,31,0,0,0
,,Bokapo,cod008,Boso Manzi,cod200185,2019,32,0,0,0
,,Bolombo,cod010,Boso Manzi,cod200185,2019,32,0,0,0
,,Bomoye,cod012,Boso Manzi,cod200185,2019,32,0,0,0
,,Bongonza,cod016,Boso Manzi,cod200185,2019,32,0,0,0
,,Boso dua,cod020,Boso Manzi,cod200185,2019,32,5,0.04,0
,,Boso libondo,cod021,Boso Manzi,cod200185,2019,32,0,0,0
,,Boso manzi,cod022,Boso Manzi,cod200185,2019,32,0,0,0
,,Boso modjebo,cod023,Boso Manzi,cod200185,2019,32,0,0,0
,,Boyange Motima,cod024,Boso Manzi,cod200185,2019,32,0,0,0
,,Ebambe,cod030,Boso Manzi,cod200185,2019,32,0,0,0
,,Gumba,cod035,Boso Manzi,cod200185,2019,32,0,0,0
,,Liboko,cod037,Boso Manzi,cod200185,2019,32,5,0.05,0
,,Makao,cod040,Boso Manzi,cod200185,2019,32,0,0,0
,,Masanga,cod041,Boso Manzi,cod200185,2019,32,0,0,0
,,Mbangu,cod042,Boso Manzi,cod200185,2019,32,0,0,0
,,Mongili,cod044,Boso Manzi,cod200185,2019,32,0,0,0
,,Monzelenge,cod047,Boso Manzi,cod200185,2019,32,0,0,0
,,Bokapo,cod008,Boso Manzi,cod200185,2019,33,0,0,0
,,Bolombo,cod010,Boso Manzi,cod200185,2019,33,0,0,0
,,Bomoye,cod012,Boso Manzi,cod200185,2019,33,0,0,0
,,Bongonza,cod016,Boso Manzi,cod200185,2019,33,0,0,0
,,Boso dua,cod020,Boso Manzi,cod200185,2019,33,1,0.01,0
,,Boso libondo,cod021,Boso Manzi,cod200185,2019,33,2,0.02,0
,,Boso manzi,cod022,Boso Manzi,cod200185,2019,33,0,0,0
,,Boso modjebo,cod023,Boso Manzi,cod200185,2019,33,0,0,0
,,Boyange Motima,cod024,Boso Manzi,cod200185,2019,33,0,0,0
,,Ebambe,cod030,Boso Manzi,cod200185,2019,33,0,0,0
,,Gumba,cod035,Boso Manzi,cod200185,2019,33,0,0,0
,,Liboko,cod037,Boso Manzi,cod200185,2019,33,0,0,0
,,Makao,cod040,Boso Manzi,cod200185,2019,33,0,0,0
,,Masanga,cod041,Boso Manzi,cod200185,2019,33,0,0,0
,,Mbangu,cod042,Boso Manzi,cod200185,2019,33,0,0,0
,,Mongili,cod044,Boso Manzi,cod200185,2019,33,0,0,0
,,Monzelenge,cod047,Boso Manzi,cod200185,2019,33,0,0,0
,,Bokapo,cod008,Boso Manzi,cod200185,2019,34,0,0,0
,,Bolombo,cod010,Boso Manzi,cod200185,2019,34,0,0,0
,,Bomoye,cod012,Boso Manzi,cod200185,2019,34,0,0,0
,,Bongonza,cod016,Boso Manzi,cod200185,2019,34,0,0,0
,,Boso dua,cod020,Boso Manzi,cod200185,2019,34,0,0,0
,,Boso libondo,cod021,Boso Manzi,cod200185,2019,34,0,0,0
,,Boso manzi,cod022,Boso Manzi,cod200185,2019,34,0,0,0
,,Boso modjebo,cod023,Boso Manzi,cod200185,2019,34,0,0,0
,,Boyange Motima,cod024,Boso Manzi,cod200185,2019,34,0,0,0
,,Ebambe,cod030,Boso Manzi,cod200185,2019,34,0,0,0
,,Gumba,cod035,Boso Manzi,cod200185,2019,34,0,0,0
,,Liboko,cod037,Boso Manzi,cod200185,2019,34,3,0.03,0
,,Makao,cod040,Boso Manzi,cod200185,2019,34,0,0,0
,,Masanga,cod041,Boso Manzi,cod200185,2019,34,0,0,0
,,Mbangu,cod042,Boso Manzi,cod200185,2019,34,0,0,0
,,Mongili,cod044,Boso Manzi,cod200185,2019,34,0,0,0
,,Monzelenge,cod047,Boso Manzi,cod200185,2019,34,0,0,0
,,Bokapo,cod008,Boso Manzi,cod200185,2019,35,0,0,0
,,Bolombo,cod010,Boso Manzi,cod200185,2019,35,0,0,0
,,Bomoye,cod012,Boso Manzi,cod200185,2019,35,0,0,0
,,Bongonza,cod016,Boso Manzi,cod200185,2019,35,0,0,0
,,Boso dua,cod020,Boso Manzi,cod200185,2019,35,0,0,0
,,Boso libondo,cod021,Boso Manzi,cod200185,2019,35,0,0,0
,,Boso manzi,cod022,Boso Manzi,cod200185,2019,35,0,0,0
,,Boso modjebo,cod023,Boso Manzi,cod200185,2019,35,0,0,0
,,Boyange Motima,cod024,Boso Manzi,cod200185,2019,35,0,0,0
,,Ebambe,cod030,Boso Manzi,cod200185,2019,35,0,0,0
,,Gumba,cod035,Boso Manzi,cod200185,2019,35,0,0,0
,,Liboko,cod037,Boso Manzi,cod200185,2019,35,11,0.12,0
,,Makao,cod040,Boso Manzi,cod200185,2019,35,0,0,0
,,Masanga,cod041,Boso Manzi,cod200185,2019,35,0,0,0
,,Mbangu,cod042,Boso Manzi,cod200185,2019,35,0,0,0
,,Mongili,cod044,Boso Manzi,cod200185,2019,35,0,0,0
,,Monzelenge,cod047,Boso Manzi,cod200185,2019,35,0,0,0
,,Bokapo,cod008,Boso Manzi,cod200185,2019,36,0,0,0
,,Bolombo,cod010,Boso Manzi,cod200185,2019,36,0,0,0
,,Bomoye,cod012,Boso Manzi,cod200185,2019,36,0,0,0
,,Bongonza,cod016,Boso Manzi,cod200185,2019,36,0,0,0
,,Boso dua,cod020,Boso Manzi,cod200185,2019,36,0,0,0
,,Boso libondo,cod021,Boso Manzi,cod200185,2019,36,0,0,0
,,Boso manzi,cod022,Boso Manzi,cod200185,2019,36,0,0,0
,,Boso modjebo,cod023,Boso Manzi,cod200185,2019,36,0,0,0
,,Boyange Motima,cod024,Boso Manzi,cod200185,2019,36,0,0,0
,,Ebambe,cod030,Boso Manzi,cod200185,2019,36,0,0,0
,,Gumba,cod035,Boso Manzi,cod200185,2019,36,0,0,0
,,Liboko,cod037,Boso Manzi,cod200185,2019,36,3,0.03,0
,,Makao,cod040,Boso Manzi,cod200185,2019,36,0,0,0
,,Masanga,cod041,Boso Manzi,cod200185,2019,36,0,0,0
,,Mbangu,cod042,Boso Manzi,cod200185,2019,36,0,0,0
,,Mongili,cod044,Boso Manzi,cod200185,2019,36,0,0,0
,,Monzelenge,cod047,Boso Manzi,cod200185,2019,36,0,0,0
,,Bokapo,cod008,Boso Manzi,cod200185,2019,37,0,0,0
,,Bolombo,cod010,Boso Manzi,cod200185,2019,37,0,0,0
,,Bomoye,cod012,Boso Manzi,cod200185,2019,37,0,0,0
,,Bongonza,cod016,Boso Manzi,cod200185,2019,37,0,0,0
,,Boso dua,cod020,Boso Manzi,cod200185,2019,37,3,0.02,1
,,Boso libondo,cod021,Boso Manzi,cod200185,2019,37,0,0,0
,,Boso manzi,cod022,Boso Manzi,cod200185,2019,37,0,0,0
,,Boso modjebo,cod023,Boso Manzi,cod200185,2019,37,0,0,0
,,Boyange Motima,cod024,Boso Manzi,cod200185,2019,37,0,0,0
,,Ebambe,cod030,Boso Manzi,cod200185,2019,37,0,0,0
,,Gumba,cod035,Boso Manzi,cod200185,2019,37,0,0,0
,,Liboko,cod037,Boso Manzi,cod200185,2019,37,3,0.03,0
,,Makao,cod040,Boso Manzi,cod200185,2019,37,0,0,0
,,Masanga,cod041,Boso Manzi,cod200185,2019,37,0,0,0
,,Mbangu,cod042,Boso Manzi,cod200185,2019,37,0,0,0
,,Mongili,cod044,Boso Manzi,cod200185,2019,37,0,0,0
,,Monzelenge,cod047,Boso Manzi,cod200185,2019,37,0,0,0
,,Bokapo,cod008,Boso Manzi,cod200185,2019,38,0,0,0
,,Bolombo,cod010,Boso Manzi,cod200185,2019,38,0,0,0
,,Bomoye,cod012,Boso Manzi,cod200185,2019,38,0,0,0
,,Bongonza,cod016,Boso Manzi,cod200185,2019,38,0,0,0
,,Boso dua,cod020,Boso Manzi,cod200185,2019,38,5,0.04,1
,,Boso libondo,cod021,Boso Manzi,cod200185,2019,38,0,0,0
,,Boso manzi,cod022,Boso Manzi,cod200185,2019,38,0,0,0
,,Boso modjebo,cod023,Boso Manzi,cod200185,2019,38,0,0,0
,,Boyange Motima,cod024,Boso Manzi,cod200185,2019,38,1,0.01,0
,,Ebambe,cod030,Boso Manzi,cod200185,2019,38,0,0,0
,,Gumba,cod035,Boso Manzi,cod200185,2019,38,0,0,0
,,Liboko,cod037,Boso Manzi,cod200185,2019,38,6,0.07,0
,,Makao,cod040,Boso Manzi,cod200185,2019,38,0,0,0
,,Masanga,cod041,Boso Manzi,cod200185,2019,38,0,0,0
,,Mbangu,cod042,Boso Manzi,cod200185,2019,38,0,0,0
,,Mongili,cod044,Boso Manzi,cod200185,2019,38,0,0,0
,,Monzelenge,cod047,Boso Manzi,cod200185,2019,38,0,0,0
,,Bokapo,cod008,Boso Manzi,cod200185,2019,39,0,0,0
,,Bolombo,cod010,Boso Manzi,cod200185,2019,39,0,0,0
,,Bomoye,cod012,Boso Manzi,cod200185,2019,39,0,0,0
,,Bongonza,cod016,Boso Manzi,cod200185,2019,39,0,0,0
,,Boso dua,cod020,Boso Manzi,cod200185,2019,39,0,0,0
,,Boso libondo,cod021,Boso Manzi,cod200185,2019,39,0,0,0
,,Boso manzi,cod022,Boso Manzi,cod200185,2019,39,0,0,0
,,Boso modjebo,cod023,Boso Manzi,cod200185,2019,39,0,0,0
,,Boyange Motima,cod024,Boso Manzi,cod200185,2019,39,0,0,0
,,Ebambe,cod030,Boso Manzi,cod200185,2019,39,0,0,0
,,Gumba,cod035,Boso Manzi,cod200185,2019,39,0,0,0
,,Liboko,cod037,Boso Manzi,cod200185,2019,39,10,0.11,0
,,Makao,cod040,Boso Manzi,cod200185,2019,39,0,0,0
,,Masanga,cod041,Boso Manzi,cod200185,2019,39,0,0,0
,,Mbangu,cod042,Boso Manzi,cod200185,2019,39,0,0,0
,,Mongili,cod044,Boso Manzi,cod200185,2019,39,0,0,0
,,Monzelenge,cod047,Boso Manzi,cod200185,2019,39,0,0,0
,,Bokapo,cod008,Boso Manzi,cod200185,2019,40,0,0,0
,,Bolombo,cod010,Boso Manzi,cod200185,2019,40,0,0,0
,,Bomoye,cod012,Boso Manzi,cod200185,2019,40,0,0,0
,,Bongonza,cod016,Boso Manzi,cod200185,2019,40,0,0,0
,,Boso dua,cod020,Boso Manzi,cod200185,2019,40,2,0.01,0
,,Boso libondo,cod021,Boso Manzi,cod200185,2019,40,0,0,0
,,Boso manzi,cod022,Boso Manzi,cod200185,2019,40,0,0,0
,,Boso modjebo,cod023,Boso Manzi,cod200185,2019,40,0,0,0
,,Boyange Motima,cod024,Boso Manzi,cod200185,2019,40,0,0,0
,,Ebambe,cod030,Boso Manzi,cod200185,2019,40,3,0.03,0
,,Gumba,cod035,Boso Manzi,cod200185,2019,40,1,0.01,0
,,Liboko,cod037,Boso Manzi,cod200185,2019,40,3,0.03,0
,,Makao,cod040,Boso Manzi,cod200185,2019,40,0,0,0
,,Masanga,cod041,Boso Manzi,cod200185,2019,40,1,0.01,0
,,Mbangu,cod042,Boso Manzi,cod200185,2019,40,0,0,0
,,Mongili,cod044,Boso Manzi,cod200185,2019,40,0,0,0
,,Monzelenge,cod047,Boso Manzi,cod200185,2019,40,1,0.01,0
,,Bokapo,cod008,Boso Manzi,cod200185,2019,41,0,0,0
,,Bolombo,cod010,Boso Manzi,cod200185,2019,41,0,0,0
,,Bomoye,cod012,Boso Manzi,cod200185,2019,41,0,0,0
,,Bongonza,cod016,Boso Manzi,cod200185,2019,41,0,0,0
,,Boso dua,cod020,Boso Manzi,cod200185,2019,41,2,0.01,1
,,Boso libondo,cod021,Boso Manzi,cod200185,2019,41,0,0,0
,,Boso manzi,cod022,Boso Manzi,cod200185,2019,41,0,0,0
,,Boso modjebo,cod023,Boso Manzi,cod200185,2019,41,0,0,0
,,Boyange Motima,cod024,Boso Manzi,cod200185,2019,41,0,0,0
,,Ebambe,cod030,Boso Manzi,cod200185,2019,41,1,0.01,0
,,Gumba,cod035,Boso Manzi,cod200185,2019,41,1,0.01,0
,,Liboko,cod037,Boso Manzi,cod200185,2019,41,7,0.08,0
,,Makao,cod040,Boso Manzi,cod200185,2019,41,0,0,0
,,Masanga,cod041,Boso Manzi,cod200185,2019,41,1,0.01,0
,,Mbangu,cod042,Boso Manzi,cod200185,2019,41,0,0,0
,,Mongili,cod044,Boso Manzi,cod200185,2019,41,0,0,0
,,Monzelenge,cod047,Boso Manzi,cod200185,2019,41,1,0.01,0
,,Bokapo,cod008,Boso Manzi,cod200185,2019,42,0,0,0
,,Bolombo,cod010,Boso Manzi,cod200185,2019,42,0,0,0
,,Bomoye,cod012,Boso Manzi,cod200185,2019,42,0,0,0
,,Bongonza,cod016,Boso Manzi,cod200185,2019,42,2,0.03,0
,,Boso dua,cod020,Boso Manzi,cod200185,2019,42,6,0.04,1
,,Boso libondo,cod021,Boso Manzi,cod200185,2019,42,0,0,0
,,Boso manzi,cod022,Boso Manzi,cod200185,2019,42,0,0,0
,,Boso modjebo,cod023,Boso Manzi,cod200185,2019,42,0,0,0
,,Boyange Motima,cod024,Boso Manzi,cod200185,2019,42,0,0,0
,,Ebambe,cod030,Boso Manzi,cod200185,2019,42,6,0.06,0
,,Gumba,cod035,Boso Manzi,cod200185,2019,42,2,0.02,0
,,Liboko,cod037,Boso Manzi,cod200185,2019,42,4,0.04,0
,,Makao,cod040,Boso Manzi,cod200185,2019,42,0,0,0
,,Masanga,cod041,Boso Manzi,cod200185,2019,42,1,0.01,0
,,Mbangu,cod042,Boso Manzi,cod200185,2019,42,0,0,0
,,Mongili,cod044,Boso Manzi,cod200185,2019,42,0,0,0
,,Monzelenge,cod047,Boso Manzi,cod200185,2019,42,7,0.06,0
,,Bokapo,cod008,Boso Manzi,cod200185,2019,43,0,0,0
,,Bolombo,cod010,Boso Manzi,cod200185,2019,43,0,0,0
,,Bomoye,cod012,Boso Manzi,cod200185,2019,43,0,0,0
,,Bongonza,cod016,Boso Manzi,cod200185,2019,43,0,0,0
,,Boso dua,cod020,Boso Manzi,cod200185,2019,43,0,0,0
,,Boso libondo,cod021,Boso Manzi,cod200185,2019,43,0,0,0
,,Boso manzi,cod022,Boso Manzi,cod200185,2019,43,0,0,0
,,Boso modjebo,cod023,Boso Manzi,cod200185,2019,43,0,0,0
,,Boyange Motima,cod024,Boso Manzi,cod200185,2019,43,0,0,0
,,Ebambe,cod030,Boso Manzi,cod200185,2019,43,15,0.14,0
,,Gumba,cod035,Boso Manzi,cod200185,2019,43,0,0,0
,,Liboko,cod037,Boso Manzi,cod200185,2019,43,2,0.02,0
,,Makao,cod040,Boso Manzi,cod200185,2019,43,1,0.01,0
,,Masanga,cod041,Boso Manzi,cod200185,2019,43,1,0.01,0
,,Mbangu,cod042,Boso Manzi,cod200185,2019,43,0,0,0
,,Mongili,cod044,Boso Manzi,cod200185,2019,43,0,0,0
,,Monzelenge,cod047,Boso Manzi,cod200185,2019,43,1,0.01,0
,,Bokapo,cod008,Boso Manzi,cod200185,2019,44,0,0,0
,,Bolombo,cod010,Boso Manzi,cod200185,2019,44,0,0,0
,,Bomoye,cod012,Boso Manzi,cod200185,2019,44,0,0,0
,,Bongonza,cod016,Boso Manzi,cod200185,2019,44,2,0.03,0
,,Boso dua,cod020,Boso Manzi,cod200185,2019,44,0,0,0
,,Boso libondo,cod021,Boso Manzi,cod200185,2019,44,0,0,0
,,Boso manzi,cod022,Boso Manzi,cod200185,2019,44,0,0,0
,,Boso modjebo,cod023,Boso Manzi,cod200185,2019,44,0,0,0
,,Boyange Motima,cod024,Boso Manzi,cod200185,2019,44,0,0,0
,,Ebambe,cod030,Boso Manzi,cod200185,2019,44,11,0.11,0
,,Gumba,cod035,Boso Manzi,cod200185,2019,44,1,0.01,0
,,Liboko,cod037,Boso Manzi,cod200185,2019,44,38,0.42,0
,,Makao,cod040,Boso Manzi,cod200185,2019,44,1,0.01,0
,,Masanga,cod041,Boso Manzi,cod200185,2019,44,3,0.03,0
,,Mbangu,cod042,Boso Manzi,cod200185,2019,44,0,0,0
,,Mongili,cod044,Boso Manzi,cod200185,2019,44,0,0,0
,,Monzelenge,cod047,Boso Manzi,cod200185,2019,44,0,0,0
,,Bokapo,cod008,Boso Manzi,cod200185,2019,45,1,0.01,0
,,Bolombo,cod010,Boso Manzi,cod200185,2019,45,0,0,0
,,Bomoye,cod012,Boso Manzi,cod200185,2019,45,0,0,0
,,Bongonza,cod016,Boso Manzi,cod200185,2019,45,1,0.01,0
,,Boso dua,cod020,Boso Manzi,cod200185,2019,45,0,0,0
,,Boso libondo,cod021,Boso Manzi,cod200185,2019,45,3,0.03,0
,,Boso manzi,cod022,Boso Manzi,cod200185,2019,45,0,0,0
,,Boso modjebo,cod023,Boso Manzi,cod200185,2019,45,2,0.01,0
,,Boyange Motima,cod024,Boso Manzi,cod200185,2019,45,0,0,0
,,Ebambe,cod030,Boso Manzi,cod200185,2019,45,19,0.18,0
,,Gumba,cod035,Boso Manzi,cod200185,2019,45,5,0.04,1
,,Liboko,cod037,Boso Manzi,cod200185,2019,45,8,0.09,0
,,Makao,cod040,Boso Manzi,cod200185,2019,45,2,0.03,0
,,Masanga,cod041,Boso Manzi,cod200185,2019,45,8,0.07,0
,,Mbangu,cod042,Boso Manzi,cod200185,2019,45,0,0,0
,,Mongili,cod044,Boso Manzi,cod200185,2019,45,0,0,0
,,Monzelenge,cod047,Boso Manzi,cod200185,2019,45,0,0,0
,,Bokapo,cod008,Boso Manzi,cod200185,2019,46,0,0,0
,,Bolombo,cod010,Boso Manzi,cod200185,2019,46,0,0,0
,,Bomoye,cod012,Boso Manzi,cod200185,2019,46,0,0,0
,,Bongonza,cod016,Boso Manzi,cod200185,2019,46,1,0.01,0
,,Boso dua,cod020,Boso Manzi,cod200185,2019,46,1,0.01,0
,,Boso libondo,cod021,Boso Manzi,cod200185,2019,46,2,0.02,0
,,Boso manzi,cod022,Boso Manzi,cod200185,2019,46,0,0,0
,,Boso modjebo,cod023,Boso Manzi,cod200185,2019,46,6,0.03,0
,,Boyange Motima,cod024,Boso Manzi,cod200185,2019,46,0,0,0
,,Ebambe,cod030,Boso Manzi,cod200185,2019,46,12,0.12,0
,,Gumba,cod035,Boso Manzi,cod200185,2019,46,9,0.08,1
,,Liboko,cod037,Boso Manzi,cod200185,2019,46,0,0,0
,,Makao,cod040,Boso Manzi,cod200185,2019,46,10,0.14,0
,,Masanga,cod041,Boso Manzi,cod200185,2019,46,1,0.01,0
,,Mbangu,cod042,Boso Manzi,cod200185,2019,46,0,0,0
,,Mongili,cod044,Boso Manzi,cod200185,2019,46,0,0,0
,,Monzelenge,cod047,Boso Manzi,cod200185,2019,46,0,0,0
,,Bokapo,cod008,Boso Manzi,cod200185,2019,47,0,0,0
,,Bolombo,cod010,Boso Manzi,cod200185,2019,47,0,0,0
,,Bomoye,cod012,Boso Manzi,cod200185,2019,47,2,0.02,0
,,Bongonza,cod016,Boso Manzi,cod200185,2019,47,1,0.01,0
,,Boso dua,cod020,Boso Manzi,cod200185,2019,47,3,0.02,0
,,Boso libondo,cod021,Boso Manzi,cod200185,2019,47,0,0,0
,,Boso manzi,cod022,Boso Manzi,cod200185,2019,47,7,0.06,0
,,Boso modjebo,cod023,Boso Manzi,cod200185,2019,47,1,0,0
,,Boyange Motima,cod024,Boso Manzi,cod200185,2019,47,12,0.11,0
,,Ebambe,cod030,Boso Manzi,cod200185,2019,47,8,0.08,0
,,Gumba,cod035,Boso Manzi,cod200185,2019,47,3,0.03,1
,,Liboko,cod037,Boso Manzi,cod200185,2019,47,12,0.13,0
,,Makao,cod040,Boso Manzi,cod200185,2019,47,14,0.19,0
,,Masanga,cod041,Boso Manzi,cod200185,2019,47,0,0,0
,,Mbangu,cod042,Boso Manzi,cod200185,2019,47,0,0,0
,,Mongili,cod044,Boso Manzi,cod200185,2019,47,2,0.03,0
,,Monzelenge,cod047,Boso Manzi,cod200185,2019,47,0,0,0
,,Bokapo,cod008,Boso Manzi,cod200185,2019,48,0,0,0
,,Bolombo,cod010,Boso Manzi,cod200185,2019,48,0,0,0
,,Bomoye,cod012,Boso Manzi,cod200185,2019,48,0,0,0
,,Bongonza,cod016,Boso Manzi,cod200185,2019,48,0,0,0
,,Boso dua,cod020,Boso Manzi,cod200185,2019,48,5,0.04,0
,,Boso libondo,cod021,Boso Manzi,cod200185,2019,48,8,0.09,0
,,Boso manzi,cod022,Boso Manzi,cod200185,2019,48,0,0,0
,,Boso modjebo,cod023,Boso Manzi,cod200185,2019,48,4,0.02,0
,,Boyange Motima,cod024,Boso Manzi,cod200185,2019,48,0,0,0
,,Ebambe,cod030,Boso Manzi,cod200185,2019,48,6,0.06,0
,,Gumba,cod035,Boso Manzi,cod200185,2019,48,17,0.15,1
,,Liboko,cod037,Boso Manzi,cod200185,2019,48,0,0,0
,,Makao,cod040,Boso Manzi,cod200185,2019,48,12,0.16,0
,,Masanga,cod041,Boso Manzi,cod200185,2019,48,36,0.33,0
,,Mbangu,cod042,Boso Manzi,cod200185,2019,48,1,0.01,0
,,Mongili,cod044,Boso Manzi,cod200185,2019,48,0,0,0
,,Monzelenge,cod047,Boso Manzi,cod200185,2019,48,1,0.01,0
,,Bokapo,cod008,Boso Manzi,cod200185,2019,49,1,0.01,0
,,Bolombo,cod010,Boso Manzi,cod200185,2019,49,0,0,0
,,Bomoye,cod012,Boso Manzi,cod200185,2019,49,0,0,0
,,Bongonza,cod016,Boso Manzi,cod200185,2019,49,2,0.03,0
,,Boso dua,cod020,Boso Manzi,cod200185,2019,49,8,0.06,0
,,Boso libondo,cod021,Boso Manzi,cod200185,2019,49,8,0.09,0
,,Boso manzi,cod022,Boso Manzi,cod200185,2019,49,0,0,0
,,Boso modjebo,cod023,Boso Manzi,cod200185,2019,49,0,0,0
,,Boyange Motima,cod024,Boso Manzi,cod200185,2019,49,0,0,0
,,Ebambe,cod030,Boso Manzi,cod200185,2019,49,7,0.07,0
,,Gumba,cod035,Boso Manzi,cod200185,2019,49,17,0.15,0
,,Liboko,cod037,Boso Manzi,cod200185,2019,49,0,0,0
,,Makao,cod040,Boso Manzi,cod200185,2019,49,13,0.18,0
,,Masanga,cod041,Boso Manzi,cod200185,2019,49,16,0.15,0
,,Mbangu,cod042,Boso Manzi,cod200185,2019,49,5,0.05,0
,,Mongili,cod044,Boso Manzi,cod200185,2019,49,4,0.05,0
,,Monzelenge,cod047,Boso Manzi,cod200185,2019,49,13,0.12,0
,,Bokapo,cod008,Boso Manzi,cod200185,2019,50,2,0.02,0
,,Bolombo,cod010,Boso Manzi,cod200185,2019,50,1,0.01,0
,,Bomoye,cod012,Boso Manzi,cod200185,2019,50,0,0,0
,,Bongonza,cod016,Boso Manzi,cod200185,2019,50,0,0,0
,,Boso dua,cod020,Boso Manzi,cod200185,2019,50,8,0.06,0
,,Boso libondo,cod021,Boso Manzi,cod200185,2019,50,0,0,0
,,Boso manzi,cod022,Boso Manzi,cod200185,2019,50,0,0,0
,,Boso modjebo,cod023,Boso Manzi,cod200185,2019,50,0,0,0
,,Boyange Motima,cod024,Boso Manzi,cod200185,2019,50,0,0,0
,,Ebambe,cod030,Boso Manzi,cod200185,2019,50,7,0.07,0
,,Gumba,cod035,Boso Manzi,cod200185,2019,50,27,0.23,0
,,Liboko,cod037,Boso Manzi,cod200185,2019,50,0,0,0
,,Makao,cod040,Boso Manzi,cod200185,2019,50,12,0.16,0
,,Masanga,cod041,Boso Manzi,cod200185,2019,50,15,0.14,0
,,Mbangu,cod042,Boso Manzi,cod200185,2019,50,23,0.23,0
,,Mongili,cod044,Boso Manzi,cod200185,2019,50,0,0,0
,,Monzelenge,cod047,Boso Manzi,cod200185,2019,50,6,0.05,0
,,Bokapo,cod008,Boso Manzi,cod200185,2019,51,3,0.03,0
,,Bolombo,cod010,Boso Manzi,cod200185,2019,51,0,0,0
,,Bomoye,cod012,Boso Manzi,cod200185,2019,51,0,0,0
,,Bongonza,cod016,Boso Manzi,cod200185,2019,51,0,0,0
,,Boso dua,cod020,Boso Manzi,cod200185,2019,51,12,0.09,0
,,Boso libondo,cod021,Boso Manzi,cod200185,2019,51,9,0.1,0
,,Boso manzi,cod022,Boso Manzi,cod200185,2019,51,0,0,0
,,Boso modjebo,cod023,Boso Manzi,cod200185,2019,51,0,0,0
,,Boyange Motima,cod024,Boso Manzi,cod200185,2019,51,0,0,0
,,Ebambe,cod030,Boso Manzi,cod200185,2019,51,18,0.17,0
,,Gumba,cod035,Boso Manzi,cod200185,2019,51,18,0.15,0
,,Liboko,cod037,Boso Manzi,cod200185,2019,51,0,0,0
,,Makao,cod040,Boso Manzi,cod200185,2019,51,7,0.09,0
,,Masanga,cod041,Boso Manzi,cod200185,2019,51,16,0.15,0
,,Mbangu,cod042,Boso Manzi,cod200185,2019,51,0,0,0
,,Mongili,cod044,Boso Manzi,cod200185,2019,51,4,0.05,0
,,Monzelenge,cod047,Boso Manzi,cod200185,2019,51,10,0.09,1
,,Bokapo,cod008,Boso Manzi,cod200185,2019,52,8,0.08,1
,,Bolombo,cod010,Boso Manzi,cod200185,2019,52,3,0.03,0
,,Bomoye,cod012,Boso Manzi,cod200185,2019,52,0,0,0
,,Bongonza,cod016,Boso Manzi,cod200185,2019,52,2,0.03,0
,,Boso dua,cod020,Boso Manzi,cod200185,2019,52,25,0.18,2
,,Boso libondo,cod021,Boso Manzi,cod200185,2019,52,12,0.14,0
,,Boso manzi,cod022,Boso Manzi,cod200185,2019,52,0,0,0
,,Boso modjebo,cod023,Boso Manzi,cod200185,2019,52,0,0,0
,,Boyange Motima,cod024,Boso Manzi,cod200185,2019,52,0,0,0
,,Ebambe,cod030,Boso Manzi,cod200185,2019,52,10,0.1,0
,,Gumba,cod035,Boso Manzi,cod200185,2019,52,16,0.14,0
,,Liboko,cod037,Boso Manzi,cod200185,2019,52,0,0,0
,,Makao,cod040,Boso Manzi,cod200185,2019,52,8,0.11,0
,,Masanga,cod041,Boso Manzi,cod200185,2019,52,12,0.11,0
,,Mbangu,cod042,Boso Manzi,cod200185,2019,52,0,0,0
,,Mongili,cod044,Boso Manzi,cod200185,2019,52,6,0.08,0
,,Monzelenge,cod047,Boso Manzi,cod200185,2019,52,9,0.08,0
,,Bokapo,cod008,Boso Manzi,cod200185,2020,1,0,0,0
,,Bolombo,cod010,Boso Manzi,cod200185,2020,1,9,0.08,0
,,Bomoye,cod012,Boso Manzi,cod200185,2020,1,0,0,0
,,Bongonza,cod016,Boso Manzi,cod200185,2020,1,0,0,0
,,Boso dua,cod020,Boso Manzi,cod200185,2020,1,9,0.06,0
,,Boso libondo,cod021,Boso Manzi,cod200185,2020,1,33,0.38,0
,,Boso manzi,cod022,Boso Manzi,cod200185,2020,1,0,0,0
,,Boso modjebo,cod023,Boso Manzi,cod200185,2020,1,7,0.03,0
,,Boyange Motima,cod024,Boso Manzi,cod200185,2020,1,0,0,0
,,Ebambe,cod030,Boso Manzi,cod200185,2020,1,5,0.05,0
,,Gumba,cod035,Boso Manzi,cod200185,2020,1,24,0.21,3
,,Liboko,cod037,Boso Manzi,cod200185,2020,1,0,0,0
,,Makao,cod040,Boso Manzi,cod200185,2020,1,8,0.11,0
,,Masanga,cod041,Boso Manzi,cod200185,2020,1,1,0.01,0
,,Mbangu,cod042,Boso Manzi,cod200185,2020,1,14,0.14,0
,,Mongili,cod044,Boso Manzi,cod200185,2020,1,7,0.09,0
,,Monzelenge,cod047,Boso Manzi,cod200185,2020,1,4,0.04,0
,,Bokapo,cod008,Boso Manzi,cod200185,2020,2,2,0.02,0
,,Bolombo,cod010,Boso Manzi,cod200185,2020,2,5,0.05,0
,,Bomoye,cod012,Boso Manzi,cod200185,2020,2,3,0.02,0
,,Bongonza,cod016,Boso Manzi,cod200185,2020,2,0,0,0
,,Boso dua,cod020,Boso Manzi,cod200185,2020,2,4,0.03,1
,,Boso libondo,cod021,Boso Manzi,cod200185,2020,2,4,0.05,0
,,Boso manzi,cod022,Boso Manzi,cod200185,2020,2,0,0,0
,,Boso modjebo,cod023,Boso Manzi,cod200185,2020,2,2,0.01,0
,,Boyange Motima,cod024,Boso Manzi,cod200185,2020,2,0,0,0
,,Ebambe,cod030,Boso Manzi,cod200185,2020,2,4,0.04,0
,,Gumba,cod035,Boso Manzi,cod200185,2020,2,21,0.18,2
,,Liboko,cod037,Boso Manzi,cod200185,2020,2,0,0,0
,,Makao,cod040,Boso Manzi,cod200185,2020,2,25,0.34,0
,,Masanga,cod041,Boso Manzi,cod200185,2020,2,1,0.01,0
,,Mbangu,cod042,Boso Manzi,cod200185,2020,2,12,0.12,0
,,Mongili,cod044,Boso Manzi,cod200185,2020,2,2,0.03,0
,,Monzelenge,cod047,Boso Manzi,cod200185,2020,2,2,0.02,0
,,Bokapo,cod008,Boso Manzi,cod200185,2020,3,3,0.03,0
,,Bolombo,cod010,Boso Manzi,cod200185,2020,3,9,0.08,0
,,Bomoye,cod012,Boso Manzi,cod200185,2020,3,0,0,0
,,Bongonza,cod016,Boso Manzi,cod200185,2020,3,0,0,0
,,Boso dua,cod020,Boso Manzi,cod200185,2020,3,8,0.06,0
,,Boso libondo,cod021,Boso Manzi,cod200185,2020,3,22,0.25,0
,,Boso manzi,cod022,Boso Manzi,cod200185,2020,3,4,0.03,0
,,Boso modjebo,cod023,Boso Manzi,cod200185,2020,3,7,0.03,0
,,Boyange Motima,cod024,Boso Manzi,cod200185,2020,3,0,0,0
,,Ebambe,cod030,Boso Manzi,cod200185,2020,3,3,0.03,0
,,Gumba,cod035,Boso Manzi,cod200185,2020,3,8,0.07,0
,,Liboko,cod037,Boso Manzi,cod200185,2020,3,2,0.02,0
,,Makao,cod040,Boso Manzi,cod200185,2020,3,15,0.2,0
,,Masanga,cod041,Boso Manzi,cod200185,2020,3,0,0,0
,,Mbangu,cod042,Boso Manzi,cod200185,2020,3,10,0.1,0
,,Mongili,cod044,Boso Manzi,cod200185,2020,3,8,0.11,0
,,Monzelenge,cod047,Boso Manzi,cod200185,2020,3,3,0.03,0
,,Bokapo,cod008,Boso Manzi,cod200185,2020,4,3,0.03,0
,,Bolombo,cod010,Boso Manzi,cod200185,2020,4,0,0,0
,,Bomoye,cod012,Boso Manzi,cod200185,2020,4,0,0,0
,,Bongonza,cod016,Boso Manzi,cod200185,2020,4,0,0,0
,,Boso dua,cod020,Boso Manzi,cod200185,2020,4,1,0.01,0
,,Boso libondo,cod021,Boso Manzi,cod200185,2020,4,15,0.17,0
,,Boso manzi,cod022,Boso Manzi,cod200185,2020,4,5,0.04,0
,,Boso modjebo,cod023,Boso Manzi,cod200185,2020,4,2,0.01,0
,,Boyange Motima,cod024,Boso Manzi,cod200185,2020,4,3,0.03,0
,,Ebambe,cod030,Boso Manzi,cod200185,2020,4,0,0,0
,,Gumba,cod035,Boso Manzi,cod200185,2020,4,6,0.05,0
,,Liboko,cod037,Boso Manzi,cod200185,2020,4,1,0.01,0
,,Makao,cod040,Boso Manzi,cod200185,2020,4,15,0.2,0
,,Masanga,cod041,Boso Manzi,cod200185,2020,4,1,0.01,0
,,Mbangu,cod042,Boso Manzi,cod200185,2020,4,0,0,0
,,Mongili,cod044,Boso Manzi,cod200185,2020,4,0,0,0
,,Monzelenge,cod047,Boso Manzi,cod200185,2020,4,6,0.05,0
,,Bokapo,cod008,Boso Manzi,cod200185,2020,5,6,0.06,0
,,Bolombo,cod010,Boso Manzi,cod200185,2020,5,0,0,0
,,Bomoye,cod012,Boso Manzi,cod200185,2020,5,0,0,0
,,Bongonza,cod016,Boso Manzi,cod200185,2020,5,0,0,0
,,Boso dua,cod020,Boso Manzi,cod200185,2020,5,0,0,0
,,Boso libondo,cod021,Boso Manzi,cod200185,2020,5,12,0.14,0
,,Boso manzi,cod022,Boso Manzi,cod200185,2020,5,3,0.03,0
,,Boso modjebo,cod023,Boso Manzi,cod200185,2020,5,6,0.03,0
,,Boyange Motima,cod024,Boso Manzi,cod200185,2020,5,0,0,0
,,Ebambe,cod030,Boso Manzi,cod200185,2020,5,0,0,0
,,Gumba,cod035,Boso Manzi,cod200185,2020,5,19,0.16,0
,,Liboko,cod037,Boso Manzi,cod200185,2020,5,2,0.02,0
,,Makao,cod040,Boso Manzi,cod200185,2020,5,10,0.14,0
,,Masanga,cod041,Boso Manzi,cod200185,2020,5,1,0.01,0
,,Mbangu,cod042,Boso Manzi,cod200185,2020,5,0,0,0
,,Mongili,cod044,Boso Manzi,cod200185,2020,5,8,0.11,0
,,Monzelenge,cod047,Boso Manzi,cod200185,2020,5,3,0.03,0
,,Bokapo,cod008,Boso Manzi,cod200185,2020,6,31,0.32,0
,,Bolombo,cod010,Boso Manzi,cod200185,2020,6,12,0.11,0
,,Bomoye,cod012,Boso Manzi,cod200185,2020,6,2,0.02,0
,,Bongonza,cod016,Boso Manzi,cod200185,2020,6,10,0.14,0
,,Boso dua,cod020,Boso Manzi,cod200185,2020,6,4,0.03,1
,,Boso libondo,cod021,Boso Manzi,cod200185,2020,6,19,0.22,0
,,Boso manzi,cod022,Boso Manzi,cod200185,2020,6,2,0.02,0
,,Boso modjebo,cod023,Boso Manzi,cod200185,2020,6,1,0,0
,,Boyange Motima,cod024,Boso Manzi,cod200185,2020,6,5,0.05,0
,,Ebambe,cod030,Boso Manzi,cod200185,2020,6,0,0,0
,,Gumba,cod035,Boso Manzi,cod200185,2020,6,9,0.08,1
,,Liboko,cod037,Boso Manzi,cod200185,2020,6,0,0,0
,,Makao,cod040,Boso Manzi,cod200185,2020,6,10,0.14,0
,,Masanga,cod041,Boso Manzi,cod200185,2020,6,0,0,0
,,Mbangu,cod042,Boso Manzi,cod200185,2020,6,0,0,0
,,Mongili,cod044,Boso Manzi,cod200185,2020,6,0,0,0
,,Monzelenge,cod047,Boso Manzi,cod200185,2020,6,5,0.04,0
,,Bokapo,cod008,Boso Manzi,cod200185,2020,7,41,0.42,1
,,Bolombo,cod010,Boso Manzi,cod200185,2020,7,13,0.12,0
,,Bomoye,cod012,Boso Manzi,cod200185,2020,7,7,0.06,0
,,Bongonza,cod016,Boso Manzi,cod200185,2020,7,8,0.11,0
,,Boso dua,cod020,Boso Manzi,cod200185,2020,7,13,0.09,2
,,Boso libondo,cod021,Boso Manzi,cod200185,2020,7,4,0.05,0
,,Boso manzi,cod022,Boso Manzi,cod200185,2020,7,4,0.03,0
,,Boso modjebo,cod023,Boso Manzi,cod200185,2020,7,12,0.06,2
,,Boyange Motima,cod024,Boso Manzi,cod200185,2020,7,3,0.03,0
,,Ebambe,cod030,Boso Manzi,cod200185,2020,7,2,0.02,0
,,Gumba,cod035,Boso Manzi,cod200185,2020,7,7,0.06,0
,,Liboko,cod037,Boso Manzi,cod200185,2020,7,0,0,0
,,Makao,cod040,Boso Manzi,cod200185,2020,7,11,0.15,2
,,Masanga,cod041,Boso Manzi,cod200185,2020,7,3,0.03,0
,,Mbangu,cod042,Boso Manzi,cod200185,2020,7,0,0,0
,,Mongili,cod044,Boso Manzi,cod200185,2020,7,6,0.08,0
,,Monzelenge,cod047,Boso Manzi,cod200185,2020,7,2,0.02,0
,,Bokapo,cod008,Boso Manzi,cod200185,2020,8,40,0.41,0
,,Bolombo,cod010,Boso Manzi,cod200185,2020,8,23,0.21,0
,,Bomoye,cod012,Boso Manzi,cod200185,2020,8,1,0.01,0
,,Bongonza,cod016,Boso Manzi,cod200185,2020,8,4,0.06,0
,,Boso dua,cod020,Boso Manzi,cod200185,2020,8,34,0.24,0
,,Boso libondo,cod021,Boso Manzi,cod200185,2020,8,44,0.51,0
,,Boso manzi,cod022,Boso Manzi,cod200185,2020,8,20,0.17,0
,,Boso modjebo,cod023,Boso Manzi,cod200185,2020,8,37,0.17,0
,,Boyange Motima,cod024,Boso Manzi,cod200185,2020,8,20,0.18,0
,,Ebambe,cod030,Boso Manzi,cod200185,2020,8,0,0,0
,,Gumba,cod035,Boso Manzi,cod200185,2020,8,19,0.16,0
,,Liboko,cod037,Boso Manzi,cod200185,2020,8,0,0,0
,,Makao,cod040,Boso Manzi,cod200185,2020,8,4,0.05,0
,,Masanga,cod041,Boso Manzi,cod200185,2020,8,0,0,0
,,Mbangu,cod042,Boso Manzi,cod200185,2020,8,0,0,0
,,Mongili,cod044,Boso Manzi,cod200185,2020,8,11,0.15,0
,,Monzelenge,cod047,Boso Manzi,cod200185,2020,8,19,0.17,0
,,Bokapo,cod008,Boso Manzi,cod200185,2020,9,45,0.46,0
,,Bolombo,cod010,Boso Manzi,cod200185,2020,9,28,0.26,0
,,Bomoye,cod012,Boso Manzi,cod200185,2020,9,3,0.02,0
,,Bongonza,cod016,Boso Manzi,cod200185,2020,9,24,0.33,1
,,Boso dua,cod020,Boso Manzi,cod200185,2020,9,24,0.17,0
,,Boso libondo,cod021,Boso Manzi,cod200185,2020,9,28,0.32,0
,,Boso manzi,cod022,Boso Manzi,cod200185,2020,9,32,0.27,0
,,Boso modjebo,cod023,Boso Manzi,cod200185,2020,9,32,0.15,0
,,Boyange Motima,cod024,Boso Manzi,cod200185,2020,9,6,0.06,0
,,Ebambe,cod030,Boso Manzi,cod200185,2020,9,1,0.01,0
,,Gumba,cod035,Boso Manzi,cod200185,2020,9,8,0.07,0
,,Liboko,cod037,Boso Manzi,cod200185,2020,9,0,0,0
,,Makao,cod040,Boso Manzi,cod200185,2020,9,7,0.09,0
,,Masanga,cod041,Boso Manzi,cod200185,2020,9,0,0,0
,,Mbangu,cod042,Boso Manzi,cod200185,2020,9,0,0,0
,,Mongili,cod044,Boso Manzi,cod200185,2020,9,1,0.01,0
,,Monzelenge,cod047,Boso Manzi,cod200185,2020,9,7,0.06,0
,,Bokapo,cod008,Boso Manzi,cod200185,2020,10,45,0.46,0
,,Bolombo,cod010,Boso Manzi,cod200185,2020,10,18,0.17,0
,,Bomoye,cod012,Boso Manzi,cod200185,2020,10,2,0.02,0
,,Bongonza,cod016,Boso Manzi,cod200185,2020,10,29,0.4,2
,,Boso dua,cod020,Boso Manzi,cod200185,2020,10,20,0.14,0
,,Boso libondo,cod021,Boso Manzi,cod200185,2020,10,23,0.26,0
,,Boso manzi,cod022,Boso Manzi,cod200185,2020,10,38,0.32,0
,,Boso modjebo,cod023,Boso Manzi,cod200185,2020,10,13,0.06,0
,,Boyange Motima,cod024,Boso Manzi,cod200185,2020,10,21,0.19,0
,,Ebambe,cod030,Boso Manzi,cod200185,2020,10,1,0.01,0
,,Gumba,cod035,Boso Manzi,cod200185,2020,10,9,0.08,0
,,Liboko,cod037,Boso Manzi,cod200185,2020,10,3,0.03,0
,,Makao,cod040,Boso Manzi,cod200185,2020,10,15,0.2,0
,,Masanga,cod041,Boso Manzi,cod200185,2020,10,2,0.02,0
,,Mbangu,cod042,Boso Manzi,cod200185,2020,10,0,0,0
,,Mongili,cod044,Boso Manzi,cod200185,2020,10,6,0.08,0
,,Monzelenge,cod047,Boso Manzi,cod200185,2020,10,2,0.02,0
,,Bokapo,cod008,Boso Manzi,cod200185,2020,11,17,0.22,0
,,Bolombo,cod010,Boso Manzi,cod200185,2020,11,8,0.08,0
,,Bomoye,cod012,Boso Manzi,cod200185,2020,11,14,0.15,0
,,Bongonza,cod016,Boso Manzi,cod200185,2020,11,47,0.68,0
,,Boso dua,cod020,Boso Manzi,cod200185,2020,11,5,0.04,0
,,Boso libondo,cod021,Boso Manzi,cod200185,2020,11,10,0.14,0
,,Boso manzi,cod022,Boso Manzi,cod200185,2020,11,54,0.60,0
,,Boso modjebo,cod023,Boso Manzi,cod200185,2020,11,5,0.02,0
,,Boyange Motima,cod024,Boso Manzi,cod200185,2020,11,20,0.25,0
,,Ebambe,cod030,Boso Manzi,cod200185,2020,11,1,0.01,0
,,Gumba,cod035,Boso Manzi,cod200185,2020,11,0,0.00,0
,,Liboko,cod037,Boso Manzi,cod200185,2020,11,2,0.03,0
,,Makao,cod040,Boso Manzi,cod200185,2020,11,4,0.06,0
,,Masanga,cod041,Boso Manzi,cod200185,2020,11,3,0.03,0
,,Mbangu,cod042,Boso Manzi,cod200185,2020,11,5,0.06,0
,,Mongili,cod044,Boso Manzi,cod200185,2020,11,0,0.00,0
,,Monzelenge,cod047,Boso Manzi,cod200185,2020,11,5,0.07,0
,,Bokapo,cod008,Boso Manzi,cod200185,2020,12,45,0.59,0
,,Bolombo,cod010,Boso Manzi,cod200185,2020,12,18,0.17,0
,,Bomoye,cod012,Boso Manzi,cod200185,2020,12,2,0.02,0
,,Bongonza,cod016,Boso Manzi,cod200185,2020,12,29,0.42,0
,,Boso dua,cod020,Boso Manzi,cod200185,2020,12,20,0.16,0
,,Boso libondo,cod021,Boso Manzi,cod200185,2020,12,23,0.31,0
,,Boso manzi,cod022,Boso Manzi,cod200185,2020,12,38,0.42,0
,,Boso modjebo,cod023,Boso Manzi,cod200185,2020,12,13,0.06,0
,,Boyange Motima,cod024,Boso Manzi,cod200185,2020,12,21,0.26,0
,,Ebambe,cod030,Boso Manzi,cod200185,2020,12,1,0.01,0
,,Gumba,cod035,Boso Manzi,cod200185,2020,12,9,0.10,0
,,Liboko,cod037,Boso Manzi,cod200185,2020,12,3,0.04,0
,,Makao,cod040,Boso Manzi,cod200185,2020,12,15,0.22,0
,,Masanga,cod041,Boso Manzi,cod200185,2020,12,2,0.02,0
,,Mbangu,cod042,Boso Manzi,cod200185,2020,12,0,0.00,0
,,Mongili,cod044,Boso Manzi,cod200185,2020,12,6,0.08,0
,,Monzelenge,cod047,Boso Manzi,cod200185,2020,12,2,0.03,0
